-- phpMyAdmin SQL Dump
-- version 5.2.1
-- https://www.phpmyadmin.net/
--
-- Host: 127.0.0.1
-- Generation Time: Mar 15, 2025 at 05:11 PM
-- Server version: 10.4.32-MariaDB
-- PHP Version: 8.0.30

SET SQL_MODE = "NO_AUTO_VALUE_ON_ZERO";
START TRANSACTION;
SET time_zone = "+00:00";


/*!40101 SET @OLD_CHARACTER_SET_CLIENT=@@CHARACTER_SET_CLIENT */;
/*!40101 SET @OLD_CHARACTER_SET_RESULTS=@@CHARACTER_SET_RESULTS */;
/*!40101 SET @OLD_COLLATION_CONNECTION=@@COLLATION_CONNECTION */;
/*!40101 SET NAMES utf8mb4 */;

--
-- Database: `pos_db`
--

-- --------------------------------------------------------

--
-- Table structure for table `customers`
--

CREATE TABLE `customers` (
  `CustomerID` int(15) NOT NULL,
  `first_name` varchar(50) NOT NULL,
  `last_name` varchar(50) NOT NULL,
  `email` varchar(100) DEFAULT NULL,
  `phone` varchar(15) DEFAULT NULL,
  `date_created` timestamp NOT NULL DEFAULT current_timestamp()
) ENGINE=InnoDB DEFAULT CHARSET=utf8mb4 COLLATE=utf8mb4_general_ci;

--
-- Dumping data for table `customers`
--

INSERT INTO `customers` (`CustomerID`, `first_name`, `last_name`, `email`, `phone`, `date_created`) VALUES
(1, 'Juan', 'Dela Cruz', 'juan@email.com', '09123456789', '2025-03-15 14:39:15'),
(2, 'Maria', 'Santos', 'maria@email.com', '09234567890', '2025-03-15 14:39:15'),
(3, 'Patricia', 'Reyes', 'pedro@email.com', '09345678901', '2025-03-15 14:39:15'),
(4, 'Ana', 'Gonzales', 'ana@email.com', '09456789012', '2025-03-15 14:39:15'),
(5, 'Luis', 'Torres', 'luis@email.com', '09567890123', '2025-03-15 14:39:15'),
(6, 'Carla', 'Mendoza', 'carla@email.com', '09678901234', '2025-03-15 14:39:15'),
(7, 'Rico', 'Fernandez', 'rico@email.com', '09789012345', '2025-03-15 14:39:15'),
(8, 'Elena', 'Cruz', 'elena@email.com', '09890123456', '2025-03-15 14:39:15'),
(9, 'Miguel', 'Lopez', 'miguel@email.com', '09901234567', '2025-03-15 14:39:15'),
(10, 'Sofia', 'Martinez', 'sofia@email.com', '09012345678', '2025-03-15 14:39:15');

-- --------------------------------------------------------

--
-- Table structure for table `orders`
--

CREATE TABLE `orders` (
  `OrderID` int(11) NOT NULL,
  `ProductID` int(11) DEFAULT NULL,
  `SalesID` int(11) DEFAULT NULL,
  `Quantity` int(11) NOT NULL,
  `UnitPrice` decimal(10,2) NOT NULL
) ENGINE=InnoDB DEFAULT CHARSET=utf8mb4 COLLATE=utf8mb4_general_ci;

--
-- Dumping data for table `orders`
--

INSERT INTO `orders` (`OrderID`, `ProductID`, `SalesID`, `Quantity`, `UnitPrice`) VALUES
(1, 1, 1, 2, 1500.00),
(2, 2, 1, 3, 350.00),
(3, 3, 1, 3, 700.00),
(4, 4, 2, 2, 800.00),
(5, 3, 3, 2, 700.00),
(6, 5, 4, 1, 30000.00),
(7, 6, 4, 1, 12000.00),
(8, 7, 5, 2, 500.00),
(9, 3, 6, 3, 700.00),
(10, 1, 7, 1, 1500.00),
(11, 8, 7, 1, 3000.00),
(12, 9, 7, 1, 600.00),
(13, 3, 8, 2, 700.00),
(14, 1, 8, 1, 1500.00),
(15, 6, 9, 1, 12000.00),
(16, 4, 10, 1, 800.00),
(17, 10, 10, 1, 300.00),
(18, 11, 10, 2, 450.00),
(19, 10, 11, 10, 300.00),
(20, 10, 12, 1, 300.00),
(21, 4, 12, 1, 800.00),
(22, 7, 12, 2, 500.00),
(23, 11, 12, 2, 450.00),
(24, 12, 13, 1, 15000.00),
(25, 8, 14, 1, 3000.00),
(26, 9, 14, 2, 600.00),
(27, 13, 14, 1, 1200.00),
(28, 10, 15, 1, 300.00),
(29, 4, 15, 2, 800.00),
(30, 4, 16, 2, 800.00),
(31, 12, 17, 1, 15000.00),
(32, 10, 18, 2, 300.00),
(33, 4, 19, 1, 800.00),
(34, 14, 19, 1, 150.00),
(35, 14, 20, 1, 150.00),
(36, 10, 21, 1, 300.00),
(37, 15, 21, 1, 250.00),
(38, 2, 22, 2, 350.00),
(39, 14, 23, 1, 150.00),
(40, 1, 24, 3, 1500.00),
(41, 4, 25, 1, 800.00),
(42, 5, 26, 1, 30000.00),
(43, 16, 27, 1, 8500.00),
(44, 15, 28, 2, 250.00),
(45, 11, 28, 2, 450.00),
(46, 14, 29, 1, 150.00),
(47, 4, 29, 1, 800.00),
(48, 10, 29, 1, 300.00),
(49, 2, 30, 1, 350.00),
(50, 8, 31, 1, 3000.00),
(51, 10, 32, 1, 300.00),
(52, 4, 32, 2, 800.00),
(53, 3, 32, 1, 700.00),
(54, 15, 33, 2, 250.00),
(55, 6, 34, 1, 12000.00),
(56, 16, 35, 1, 8500.00),
(57, 13, 36, 2, 1200.00),
(58, 3, 37, 1, 700.00),
(59, 1, 38, 1, 1500.00),
(60, 7, 38, 1, 500.00),
(61, 4, 39, 2, 800.00),
(62, 15, 40, 2, 250.00),
(63, 12, 41, 1, 15000.00),
(64, 1, 42, 1, 1500.00),
(65, 10, 42, 1, 300.00),
(66, 9, 43, 1, 600.00),
(67, 8, 43, 1, 3000.00),
(68, 11, 44, 1, 450.00),
(69, 15, 44, 2, 250.00),
(70, 3, 45, 1, 700.00),
(71, 4, 46, 1, 800.00),
(72, 5, 47, 1, 30000.00),
(73, 15, 48, 2, 250.00),
(74, 12, 48, 1, 15000.00),
(75, 4, 49, 1, 800.00),
(76, 10, 49, 1, 300.00),
(77, 3, 50, 1, 700.00),
(78, 14, 51, 1, 150.00),
(79, 10, 52, 2, 300.00),
(80, 14, 53, 2, 150.00),
(81, 13, 53, 2, 1200.00),
(82, 7, 53, 2, 500.00),
(83, 1, 54, 1, 1500.00),
(84, 16, 55, 2, 8500.00),
(85, 7, 55, 4, 500.00),
(86, 3, 55, 3, 700.00),
(87, 13, 55, 4, 1200.00),
(88, 15, 55, 2, 250.00),
(89, 11, 55, 2, 450.00),
(90, 5, 56, 1, 30000.00),
(91, 7, 56, 2, 500.00),
(92, 2, 56, 1, 350.00),
(96, 11, 57, 1, 450.00),
(97, 13, 57, 1, 1200.00),
(98, 13, 58, 2, 1200.00),
(99, 6, 58, 2, 12000.00),
(100, 15, 59, 2, 250.00),
(101, 10, 59, 2, 300.00),
(102, 4, 60, 2, 800.00),
(103, 13, 61, 2, 1200.00),
(104, 3, 61, 2, 700.00),
(105, 14, 61, 1, 150.00),
(106, 16, 62, 1, 8500.00),
(107, 9, 63, 1, 600.00),
(108, 15, 63, 1, 250.00),
(109, 13, 63, 1, 1200.00),
(110, 13, 64, 2, 1200.00),
(111, 9, 65, 2, 600.00),
(112, 13, 66, 1, 1200.00),
(113, 13, 68, 1, 1200.00),
(114, 15, 68, 1, 250.00),
(115, 12, 68, 1, 15000.00),
(116, 14, 68, 1, 150.00),
(118, 7, 69, 2, 500.00),
(119, 10, 69, 1, 300.00),
(120, 2, 69, 1, 350.00),
(121, 8, 70, 1, 3000.00),
(122, 4, 71, 1, 800.00),
(123, 7, 72, 1, 500.00),
(124, 4, 72, 1, 800.00),
(125, 9, 73, 2, 600.00),
(126, 11, 73, 2, 450.00),
(127, 6, 74, 1, 12000.00),
(128, 10, 75, 1, 300.00),
(129, 13, 76, 1, 1200.00),
(130, 11, 77, 1, 450.00),
(131, 9, 78, 1, 600.00),
(132, 4, 79, 1, 800.00),
(133, 7, 80, 2, 500.00),
(134, 5, 81, 1, 30000.00),
(135, 14, 82, 2, 150.00),
(136, 4, 82, 1, 800.00),
(137, 3, 83, 1, 700.00),
(138, 10, 83, 2, 300.00),
(139, 7, 84, 1, 500.00),
(140, 15, 84, 4, 250.00),
(141, 8, 85, 1, 3000.00),
(142, 14, 85, 2, 150.00),
(143, 14, 86, 1, 150.00),
(144, 6, 86, 1, 12000.00),
(145, 4, 87, 1, 800.00),
(146, 13, 88, 2, 1200.00),
(147, 10, 89, 1, 300.00),
(148, 4, 90, 1, 800.00),
(149, 3, 91, 2, 700.00),
(150, 14, 92, 1, 150.00),
(151, 16, 93, 1, 8500.00),
(152, 14, 94, 1, 150.00),
(153, 14, 96, 1, 150.00),
(154, 14, 97, 1, 150.00),
(155, 4, 98, 1, 800.00),
(156, 4, 99, 1, 800.00),
(157, 14, 100, 1, 150.00),
(158, 17, 101, 1, 100.00),
(159, 7, 102, 1, 500.00),
(160, 13, 103, 1, 1200.00),
(161, 4, 104, 1, 800.00);

-- --------------------------------------------------------

--
-- Table structure for table `paymentmethods`
--

CREATE TABLE `paymentmethods` (
  `PayID` int(11) NOT NULL,
  `MethodName` varchar(50) NOT NULL
) ENGINE=InnoDB DEFAULT CHARSET=utf8mb4 COLLATE=utf8mb4_general_ci;

--
-- Dumping data for table `paymentmethods`
--

INSERT INTO `paymentmethods` (`PayID`, `MethodName`) VALUES
(1, 'Cash'),
(2, 'Card'),
(3, 'Online');

-- --------------------------------------------------------

--
-- Table structure for table `payments`
--

CREATE TABLE `payments` (
  `PaymentID` int(11) NOT NULL,
  `SalesID` int(11) DEFAULT NULL,
  `PaymentMethodID` int(11) DEFAULT NULL,
  `AmountPaid` decimal(10,2) NOT NULL,
  `ChangeGiven` decimal(10,2) DEFAULT 0.00
) ENGINE=InnoDB DEFAULT CHARSET=utf8mb4 COLLATE=utf8mb4_general_ci;

--
-- Dumping data for table `payments`
--

INSERT INTO `payments` (`PaymentID`, `SalesID`, `PaymentMethodID`, `AmountPaid`, `ChangeGiven`) VALUES
(1, 1, 1, 7000.00, 850.00),
(2, 2, 1, 2000.00, 400.00),
(3, 3, 1, 1500.00, 100.00),
(4, 4, 1, 43000.00, 1000.00),
(5, 5, 1, 1000.00, 0.00),
(6, 6, 3, 2100.00, 0.00),
(7, 7, 3, 5500.00, 400.00),
(8, 8, 3, 3000.00, 100.00),
(9, 9, 3, 12000.00, 0.00),
(10, 10, 3, 2000.00, 0.00),
(11, 11, 3, 3000.00, 0.00),
(12, 12, 3, 3000.00, 0.00),
(13, 13, 3, 15000.00, 0.00),
(14, 14, 3, 5500.00, 100.00),
(15, 15, 1, 2000.00, 100.00),
(16, 16, 1, 2000.00, 400.00),
(17, 17, 1, 15000.00, 0.00),
(18, 18, 1, 600.00, 0.00),
(19, 19, 1, 1000.00, 50.00),
(20, 20, 1, 150.00, 0.00),
(21, 21, 1, 550.00, 0.00),
(22, 22, 1, 3500.00, 2800.00),
(23, 23, 1, 150.00, 0.00),
(24, 24, 1, 5000.00, 500.00),
(25, 25, 1, 800.00, 0.00),
(26, 26, 1, 30000.00, 0.00),
(27, 27, 1, 8500.00, 0.00),
(28, 28, 1, 1500.00, 100.00),
(29, 29, 2, 1300.00, 50.00),
(30, 30, 2, 500.00, 150.00),
(31, 31, 2, 3000.00, 0.00),
(32, 32, 2, 3000.00, 400.00),
(33, 33, 1, 500.00, 0.00),
(34, 34, 1, 12000.00, 0.00),
(35, 35, 1, 8500.00, 0.00),
(36, 36, 1, 3000.00, 600.00),
(37, 37, 1, 700.00, 0.00),
(38, 38, 3, 2000.00, 0.00),
(39, 39, 3, 2000.00, 400.00),
(40, 40, 3, 500.00, 0.00),
(41, 41, 3, 15000.00, 0.00),
(42, 42, 3, 18000.00, 16200.00),
(43, 43, 3, 4000.00, 400.00),
(44, 44, 1, 1000.00, 50.00),
(45, 45, 1, 1000.00, 300.00),
(46, 46, 1, 800.00, 0.00),
(47, 47, 1, 30000.00, 0.00),
(48, 48, 1, 15500.00, 0.00),
(49, 49, 1, 1100.00, 0.00),
(50, 50, 1, 700.00, 0.00),
(51, 51, 1, 150.00, 0.00),
(52, 52, 1, 600.00, 0.00),
(53, 53, 1, 3800.00, 100.00),
(54, 54, 1, 1500.00, 0.00),
(55, 55, 3, 27300.00, 0.00),
(56, 56, 1, 31350.00, 0.00),
(60, 57, 3, 1650.00, 0.00),
(61, 58, 3, 30000.00, 3600.00),
(62, 59, 3, 1200.00, 100.00),
(63, 60, 3, 2000.00, 400.00),
(64, 61, 3, 4000.00, 50.00),
(65, 62, 3, 8500.00, 0.00),
(66, 63, 3, 2050.00, 0.00),
(67, 64, 3, 2500.00, 100.00),
(68, 65, 3, 2000.00, 800.00),
(69, 66, 2, 1200.00, 0.00),
(70, 68, 1, 16600.00, 0.00),
(72, 69, 1, 2000.00, 350.00),
(73, 70, 1, 3000.00, 0.00),
(74, 71, 1, 800.00, 0.00),
(75, 72, 1, 1500.00, 200.00),
(76, 73, 1, 3000.00, 900.00),
(77, 74, 1, 12000.00, 0.00),
(78, 75, 1, 300.00, 0.00),
(79, 76, 1, 12000.00, 10800.00),
(80, 77, 1, 500.00, 50.00),
(81, 78, 1, 690.00, 90.00),
(82, 79, 1, 800.00, 0.00),
(83, 80, 1, 1000.00, 0.00),
(84, 81, 1, 30000.00, 0.00),
(85, 82, 1, 1500.00, 400.00),
(86, 83, 1, 1300.00, 0.00),
(87, 84, 1, 1500.00, 0.00),
(88, 85, 1, 3300.00, 0.00),
(89, 86, 1, 12150.00, 0.00),
(90, 87, 1, 800.00, 0.00),
(91, 88, 1, 2500.00, 100.00),
(92, 89, 1, 300.00, 0.00),
(93, 90, 1, 900.00, 100.00),
(94, 91, 1, 74200.00, 72800.00),
(95, 92, 1, 150.00, 0.00),
(96, 93, 1, 8500.00, 0.00),
(97, 94, 1, 150.00, 0.00),
(98, 95, 1, 150.00, 0.00),
(99, 96, 1, 150.00, 0.00),
(100, 97, 1, 150.00, 0.00),
(101, 98, 1, 800.00, 0.00),
(102, 99, 1, 800.00, 0.00),
(103, 100, 1, 150.00, 0.00),
(104, 101, 1, 200.00, 100.00),
(105, 102, 1, 500.00, 0.00),
(106, 103, 1, 2000.00, 800.00),
(107, 104, 1, 800.00, 0.00);

-- --------------------------------------------------------

--
-- Table structure for table `products`
--

CREATE TABLE `products` (
  `ProductID` int(11) NOT NULL,
  `ProductName` varchar(100) NOT NULL,
  `Price` decimal(10,2) NOT NULL,
  `Temp_Sales` int(30) DEFAULT NULL
) ENGINE=InnoDB DEFAULT CHARSET=utf8mb4 COLLATE=utf8mb4_general_ci;

--
-- Dumping data for table `products`
--

INSERT INTO `products` (`ProductID`, `ProductName`, `Price`, `Temp_Sales`) VALUES
(1, 'Rear Rack', 1500.00, 10),
(2, 'Gear Grease', 350.00, 9),
(3, 'Brake Pads', 700.00, 12),
(4, 'Bike Lock', 800.00, 28),
(5, 'Tour Cycle', 30000.00, 5),
(6, 'MTB Frame', 12000.00, 7),
(7, 'Hex Wrench', 500.00, 11),
(8, 'Road Bike', 3000.00, 6),
(9, 'Grip Tape', 600.00, 10),
(10, 'Rim Strip', 300.00, 21),
(11, 'Water Cage', 450.00, 13),
(12, 'City Ride', 15000.00, 6),
(13, 'Tire Pump', 1200.00, 23),
(14, 'Bell Horn', 150.00, 20),
(15, 'Chain Lube', 250.00, 16),
(16, 'BMX Frame', 8500.00, 3),
(17, 'brake', 100.00, 1);

-- --------------------------------------------------------

--
-- Table structure for table `sales`
--

CREATE TABLE `sales` (
  `SalesID` int(11) NOT NULL,
  `TotalAmount` decimal(10,2) NOT NULL,
  `Date` datetime NOT NULL,
  `CustomerID` int(15) DEFAULT NULL
) ENGINE=InnoDB DEFAULT CHARSET=utf8mb4 COLLATE=utf8mb4_general_ci;

--
-- Dumping data for table `sales`
--

INSERT INTO `sales` (`SalesID`, `TotalAmount`, `Date`, `CustomerID`) VALUES
(1, 6150.00, '2024-12-01 09:00:00', 1),
(2, 1600.00, '2024-12-02 10:30:00', 1),
(3, 1400.00, '2024-12-03 11:15:00', 2),
(4, 42000.00, '2024-12-04 12:00:00', 3),
(5, 1000.00, '2024-12-05 13:45:00', 3),
(6, 2100.00, '2024-12-06 08:00:00', 4),
(7, 5100.00, '2024-12-07 09:30:00', 5),
(8, 2900.00, '2024-12-08 10:15:00', 6),
(9, 12000.00, '2024-12-09 11:00:00', 6),
(10, 2000.00, '2024-12-10 12:45:00', 7),
(11, 3000.00, '2024-12-11 08:00:00', 8),
(12, 3000.00, '2024-12-12 09:30:00', 9),
(13, 15000.00, '2024-12-13 10:15:00', 10),
(14, 5400.00, '2024-12-14 11:00:00', 8),
(15, 1900.00, '2024-12-15 12:45:00', 5),
(16, 1600.00, '2024-12-16 08:00:00', 9),
(17, 15000.00, '2024-12-17 09:30:00', 8),
(18, 600.00, '2024-12-18 10:15:00', 2),
(19, 950.00, '2024-12-19 11:00:00', 8),
(20, 150.00, '2024-12-20 12:45:00', 4),
(21, 550.00, '2024-12-21 08:00:00', 4),
(22, 700.00, '2024-12-22 09:30:00', 10),
(23, 150.00, '2025-01-01 09:00:00', 5),
(24, 4500.00, '2025-01-02 10:30:00', 5),
(25, 800.00, '2025-01-03 11:15:00', 8),
(26, 30000.00, '2025-01-04 12:00:00', 4),
(27, 8500.00, '2025-01-05 13:45:00', 5),
(28, 1400.00, '2025-01-06 08:00:00', 3),
(29, 1250.00, '2025-01-07 09:30:00', 1),
(30, 350.00, '2025-01-08 10:15:00', 3),
(31, 3000.00, '2025-01-09 11:00:00', 2),
(32, 2600.00, '2025-01-10 12:45:00', 2),
(33, 500.00, '2025-01-11 08:00:00', 1),
(34, 12000.00, '2025-01-12 09:30:00', 1),
(35, 8500.00, '2025-01-13 10:15:00', 2),
(36, 2400.00, '2025-01-14 11:00:00', 4),
(37, 700.00, '2025-01-15 12:45:00', 3),
(38, 2000.00, '2025-01-16 08:00:00', 6),
(39, 1600.00, '2025-01-17 09:30:00', 8),
(40, 500.00, '2025-01-18 10:15:00', 1),
(41, 15000.00, '2025-01-19 11:00:00', 9),
(42, 1800.00, '2025-01-20 12:45:00', 4),
(43, 3600.00, '2025-01-21 08:00:00', 3),
(44, 950.00, '2025-01-22 09:30:00', 3),
(45, 700.00, '2025-01-23 10:15:00', 2),
(46, 800.00, '2025-01-24 11:00:00', 4),
(47, 30000.00, '2025-01-25 12:45:00', 4),
(48, 15500.00, '2025-01-26 08:00:00', 6),
(49, 1100.00, '2025-01-27 09:30:00', 7),
(50, 700.00, '2025-02-01 09:00:00', 8),
(51, 150.00, '2025-02-02 10:30:00', 9),
(52, 600.00, '2025-02-03 11:15:00', 1),
(53, 3700.00, '2025-02-04 12:00:00', 7),
(54, 1500.00, '2025-02-05 13:45:00', 10),
(55, 27300.00, '2025-02-06 08:00:00', 9),
(56, 31350.00, '2025-02-07 09:30:00', 6),
(57, 1650.00, '2025-02-08 10:15:00', 3),
(58, 26400.00, '2025-02-09 11:00:00', 4),
(59, 1100.00, '2025-02-10 12:45:00', 10),
(60, 1600.00, '2025-02-11 08:00:00', 8),
(61, 3950.00, '2025-02-12 09:30:00', 2),
(62, 8500.00, '2025-02-13 10:15:00', 3),
(63, 2050.00, '2025-02-14 11:00:00', 9),
(64, 2400.00, '2025-02-15 12:45:00', 5),
(65, 1200.00, '2025-02-16 08:00:00', 7),
(66, 1200.00, '2025-02-17 09:30:00', 9),
(68, 16600.00, '2025-02-19 11:00:00', 5),
(69, 1650.00, '2025-02-20 12:45:00', 5),
(70, 3000.00, '2025-02-21 08:00:00', 2),
(71, 800.00, '2025-02-22 09:30:00', 3),
(72, 1300.00, '2025-02-23 10:15:00', 9),
(73, 2100.00, '2025-02-24 11:00:00', 6),
(74, 12000.00, '2025-02-25 12:45:00', 1),
(75, 300.00, '2025-02-26 08:00:00', 7),
(76, 1200.00, '2025-02-27 09:30:00', 4),
(77, 450.00, '2025-03-01 09:00:00', 6),
(78, 600.00, '2025-03-02 10:30:00', 6),
(79, 800.00, '2025-03-03 11:15:00', 4),
(80, 1000.00, '2025-03-03 12:00:00', 9),
(81, 30000.00, '2025-03-04 22:43:49', 4),
(82, 1100.00, '2025-03-05 22:44:04', 10),
(83, 1300.00, '2025-03-05 22:44:20', 10),
(84, 1500.00, '2025-03-06 22:44:32', 1),
(85, 3300.00, '2025-03-07 22:44:44', 2),
(86, 12150.00, '2025-03-08 22:45:48', 8),
(87, 800.00, '2025-03-08 22:46:13', 3),
(88, 2400.00, '2025-03-09 22:46:29', 2),
(89, 300.00, '2025-03-09 23:02:20', 1),
(90, 800.00, '2025-03-10 08:32:56', 6),
(91, 1400.00, '2025-03-12 08:51:18', 7),
(92, 150.00, '2025-03-14 15:08:26', 8),
(93, 8500.00, '2025-03-15 23:31:38', 5),
(94, 150.00, '2025-03-15 23:44:58', 3),
(95, 150.00, '2025-03-15 23:44:59', 3),
(96, 150.00, '2025-03-15 23:59:00', 3),
(97, 150.00, '2025-03-15 23:59:57', 3),
(98, 800.00, '2025-03-16 00:01:57', 3),
(99, 800.00, '2025-03-16 00:06:39', 3),
(100, 150.00, '2025-03-16 00:07:10', 3),
(101, 100.00, '2025-03-16 00:07:46', 3),
(102, 500.00, '2025-03-16 00:08:00', 3),
(103, 1200.00, '2025-03-16 00:08:14', 10),
(104, 800.00, '2025-03-16 00:10:32', 1);

-- --------------------------------------------------------

--
-- Table structure for table `temp_sales`
--

CREATE TABLE `temp_sales` (
  `TempID` int(30) NOT NULL,
  `PR_ID` int(11) NOT NULL,
  `Amount` int(30) NOT NULL
) ENGINE=InnoDB DEFAULT CHARSET=utf8mb4 COLLATE=utf8mb4_general_ci;

--
-- Indexes for dumped tables
--

--
-- Indexes for table `customers`
--
ALTER TABLE `customers`
  ADD PRIMARY KEY (`CustomerID`),
  ADD UNIQUE KEY `email` (`email`),
  ADD UNIQUE KEY `phone` (`phone`);

--
-- Indexes for table `orders`
--
ALTER TABLE `orders`
  ADD PRIMARY KEY (`OrderID`),
  ADD KEY `ProductID` (`ProductID`),
  ADD KEY `orders_ibfk_2` (`SalesID`);

--
-- Indexes for table `paymentmethods`
--
ALTER TABLE `paymentmethods`
  ADD PRIMARY KEY (`PayID`);

--
-- Indexes for table `payments`
--
ALTER TABLE `payments`
  ADD PRIMARY KEY (`PaymentID`),
  ADD KEY `PaymentMethodID` (`PaymentMethodID`),
  ADD KEY `payments_ibfk_1` (`SalesID`);

--
-- Indexes for table `products`
--
ALTER TABLE `products`
  ADD PRIMARY KEY (`ProductID`);

--
-- Indexes for table `sales`
--
ALTER TABLE `sales`
  ADD PRIMARY KEY (`SalesID`),
  ADD KEY `CustomerID` (`CustomerID`);

--
-- AUTO_INCREMENT for dumped tables
--

--
-- AUTO_INCREMENT for table `customers`
--
ALTER TABLE `customers`
  MODIFY `CustomerID` int(15) NOT NULL AUTO_INCREMENT, AUTO_INCREMENT=11;

--
-- AUTO_INCREMENT for table `orders`
--
ALTER TABLE `orders`
  MODIFY `OrderID` int(11) NOT NULL AUTO_INCREMENT, AUTO_INCREMENT=162;

--
-- AUTO_INCREMENT for table `paymentmethods`
--
ALTER TABLE `paymentmethods`
  MODIFY `PayID` int(11) NOT NULL AUTO_INCREMENT, AUTO_INCREMENT=4;

--
-- AUTO_INCREMENT for table `payments`
--
ALTER TABLE `payments`
  MODIFY `PaymentID` int(11) NOT NULL AUTO_INCREMENT, AUTO_INCREMENT=108;

--
-- AUTO_INCREMENT for table `products`
--
ALTER TABLE `products`
  MODIFY `ProductID` int(11) NOT NULL AUTO_INCREMENT, AUTO_INCREMENT=18;

--
-- AUTO_INCREMENT for table `sales`
--
ALTER TABLE `sales`
  MODIFY `SalesID` int(11) NOT NULL AUTO_INCREMENT, AUTO_INCREMENT=105;

--
-- Constraints for dumped tables
--

--
-- Constraints for table `orders`
--
ALTER TABLE `orders`
  ADD CONSTRAINT `orders_ibfk_1` FOREIGN KEY (`ProductID`) REFERENCES `products` (`ProductID`),
  ADD CONSTRAINT `orders_ibfk_2` FOREIGN KEY (`SalesID`) REFERENCES `sales` (`SalesID`) ON UPDATE CASCADE;

--
-- Constraints for table `payments`
--
ALTER TABLE `payments`
  ADD CONSTRAINT `payments_ibfk_1` FOREIGN KEY (`SalesID`) REFERENCES `sales` (`SalesID`) ON UPDATE CASCADE,
  ADD CONSTRAINT `payments_ibfk_2` FOREIGN KEY (`PaymentMethodID`) REFERENCES `paymentmethods` (`PayID`);

--
-- Constraints for table `sales`
--
ALTER TABLE `sales`
  ADD CONSTRAINT `sales_ibfk_1` FOREIGN KEY (`CustomerID`) REFERENCES `customers` (`CustomerId`);
COMMIT;

/*!40101 SET CHARACTER_SET_CLIENT=@OLD_CHARACTER_SET_CLIENT */;
/*!40101 SET CHARACTER_SET_RESULTS=@OLD_CHARACTER_SET_RESULTS */;
/*!40101 SET COLLATION_CONNECTION=@OLD_COLLATION_CONNECTION */;
